Ref,Val,Package,PosX,PosY,Rot,Side
"J1","2077601281","CONN12_2077601281_MOL",110.033400,-133.958551,180.000000,bottom
